#{"t_start": 1702243112.2229602, "env_id": "None"}
r,l,t
7.0,1002,15.970351
4.0,1002,31.640574
22.0,1002,47.270238
2.0,1002,62.892764
5.0,1002,78.543389
6.0,1002,94.16996
3.0,1002,109.785878
9.0,1002,125.396052
10.0,1002,144.565214
7.0,1002,160.16856
7.0,1002,175.788653
20.0,1002,191.382581
8.0,1002,207.009923
4.0,1002,222.618815
8.0,1002,238.239362
18.0,1002,253.839508
20.0,1002,272.992536
20.0,1002,288.584192
20.0,1002,304.175438
9.0,1002,319.801216
25.0,1002,335.446472
23.0,1002,351.04666
22.0,1002,366.641798
6.0,1002,382.245203
16.0,1002,401.387927
15.0,1002,416.994034
17.0,1002,432.608765
12.0,1002,448.217332
26.0,1002,463.795967
7.0,1002,479.416924
24.0,1002,495.013849
22.0,1002,510.638707
22.0,1002,529.699222
21.0,1002,545.31565
15.0,1002,560.940357
20.0,1002,576.542917
20.0,1002,592.162585
29.0,1002,607.776331
26.0,1002,623.393868
31.0,1002,639.012964
20.0,1002,658.125419
20.0,1002,673.736525
22.0,1002,689.357429
14.0,1002,704.948454
18.0,1002,720.564183
24.0,1002,736.174749
24.0,1002,751.790105
23.0,1002,767.389664
27.0,1002,783.007074
24.0,1002,802.052015
22.0,1002,817.660238
24.0,1002,833.282305
21.0,1002,848.884619
29.0,1002,864.485557
16.0,1002,880.110442
22.0,1002,895.706786
27.0,1002,911.326387
17.0,1002,930.47556
22.0,1002,946.066847
25.0,1002,961.675655
22.0,1002,977.282675
16.0,1002,992.914495
26.0,1002,1008.510058
18.0,1002,1024.14378
30.0,1002,1039.774549
21.0,1002,1058.97443
13.0,1002,1074.561023
16.0,1002,1090.159843
10.0,1002,1105.773582
24.0,1002,1121.391742
15.0,1002,1137.006455
26.0,1002,1152.603088
18.0,1002,1168.215636
22.0,1002,1187.320666
16.0,1002,1202.921002
18.0,1002,1218.525131
23.0,1002,1234.156694
20.0,1002,1249.750747
13.0,1002,1265.354119
17.0,1002,1280.950931
25.0,1002,1296.577268
12.0,1002,1315.665107
17.0,1002,1331.298108
17.0,1002,1346.927596
21.0,1002,1362.529708
28.0,1002,1378.151729
20.0,1002,1393.778489
20.0,1002,1409.371959
23.0,1002,1425.012671
20.0,1002,1444.094473
25.0,1002,1459.685055
25.0,1002,1475.303226
16.0,1002,1490.934314
11.0,1002,1506.560702
20.0,1002,1522.156006
18.0,1002,1537.780239
16.0,1002,1553.377815
30.0,1002,1568.986896
25.0,1002,1588.092957
20.0,1002,1603.696153
23.0,1002,1619.309234
17.0,1002,1634.921751
23.0,1002,1650.530831
17.0,1002,1666.165634
11.0,1002,1681.781785
14.0,1002,1697.410367
8.0,1002,1716.500855
18.0,1002,1732.120666
7.0,1002,1747.718784
14.0,1002,1763.327125
17.0,1002,1778.945698
23.0,1002,1794.570262
13.0,1002,1810.182071
18.0,1002,1825.806362
14.0,1002,1844.944162
10.0,1002,1860.566922
32.0,1002,1876.156904
12.0,1002,1891.782378
19.0,1002,1907.404753
20.0,1002,1923.021801
27.0,1002,1938.617712
26.0,1002,1954.220707
31.0,1002,1973.301407
24.0,1002,1988.916943
20.0,1002,2004.512428
26.0,1002,2020.155359
22.0,1002,2035.77778
22.0,1002,2051.402732
25.0,1002,2067.021393
15.0,1002,2082.653092
33.0,1002,2101.747715
19.0,1002,2117.342347
17.0,1002,2132.95353
12.0,1002,2148.576641
22.0,1002,2164.197583
31.0,1002,2179.801972
18.0,1002,2195.430085
31.0,1002,2211.053271
22.0,1002,2230.18639
29.0,1002,2245.827982
29.0,1002,2261.470335
24.0,1002,2277.082756
17.0,1002,2292.672477
33.0,1002,2308.293944
28.0,1002,2323.891963
27.0,1002,2339.504868
21.0,1002,2355.098412
23.0,1002,2374.267417
31.0,1002,2389.885893
19.0,1002,2405.494131
21.0,1002,2421.110876
29.0,1002,2436.723211
26.0,1002,2452.318889
21.0,1002,2467.962409
25.0,1002,2483.56568
22.0,1002,2502.679884
19.0,1002,2518.262816
26.0,1002,2533.871654
19.0,1002,2549.493994
24.0,1002,2565.115571
17.0,1002,2580.702912
24.0,1002,2596.32189
22.0,1002,2611.926851
26.0,1002,2631.103234
21.0,1002,2646.719625
22.0,1002,2662.294004
16.0,1002,2677.913669
23.0,1002,2693.525493
23.0,1002,2709.119519
26.0,1002,2724.718213
26.0,1002,2740.34456
23.0,1002,2759.459954
28.0,1002,2775.09135
34.0,1002,2790.704831
20.0,1002,2806.319535
30.0,1002,2821.931838
29.0,1002,2837.555417
21.0,1002,2853.146287
17.0,1002,2868.763819
28.0,1002,2887.77825
27.0,1002,2903.384503
25.0,1002,2918.997341
26.0,1002,2934.61997
28.0,1002,2950.227292
19.0,1002,2965.843512
25.0,1002,2981.475533
20.0,1002,2997.075697
24.0,1002,3012.691147
21.0,1002,3031.790682
31.0,1002,3047.386706
17.0,1002,3063.003816
22.0,1002,3078.618756
17.0,1002,3094.262511
25.0,1002,3109.914443
34.0,1002,3125.595229
31.0,1002,3141.25195
28.0,1002,3160.936861
20.0,1002,3176.555297
32.0,1002,3192.162098
30.0,1002,3207.777727
27.0,1002,3223.389981
21.0,1002,3238.98184
22.0,1002,3254.585137
27.0,1002,3270.209582
30.0,1002,3289.309936
22.0,1002,3304.94684
30.0,1002,3320.606484
29.0,1002,3336.270969
31.0,1002,3351.91075
27.0,1002,3367.518064
20.0,1002,3383.122013
30.0,1002,3398.759375
28.0,1002,3417.910791
25.0,1002,3433.53352
22.0,1002,3449.124695
24.0,1002,3464.732549
23.0,1002,3480.383567
23.0,1002,3495.980828
29.0,1002,3511.605613
26.0,1002,3527.203338
23.0,1002,3546.3822
25.0,1002,3561.996409
23.0,1002,3577.624611
27.0,1002,3593.252806
25.0,1002,3608.832872
26.0,1002,3624.449046
29.0,1002,3640.046597
22.0,1002,3655.641218
22.0,1002,3675.690463
26.0,1002,3691.302796
27.0,1002,3706.919282
23.0,1002,3722.52217
24.0,1002,3738.142332
30.0,1002,3753.758248
21.0,1002,3769.345447
19.0,1002,3784.947833
22.0,1002,3800.563123
23.0,1002,3819.81218
24.0,1002,3835.428256
22.0,1002,3851.050735
22.0,1002,3866.675667
23.0,1002,3882.291925
26.0,1002,3897.921377
32.0,1002,3913.537117
25.0,1002,3929.131248
25.0,1002,3948.284117
27.0,1002,3963.915124
28.0,1002,3979.529418
29.0,1002,3995.165532
20.0,1002,4010.796629
26.0,1002,4026.437759
26.0,1002,4042.034812
27.0,1002,4057.666428
26.0,1002,4076.824931
28.0,1002,4092.445469
24.0,1002,4108.040057
25.0,1002,4123.625127
28.0,1002,4139.26277
25.0,1002,4154.898933
24.0,1002,4170.527017
23.0,1002,4186.158763
25.0,1002,4205.284705
30.0,1002,4220.904951
23.0,1002,4236.544519
29.0,1002,4252.14328
23.0,1002,4267.754102
28.0,1002,4283.365165
21.0,1002,4299.001721
26.0,1002,4314.618058
28.0,1002,4333.808244
26.0,1002,4349.431558
23.0,1002,4365.053818
22.0,1002,4380.646086
29.0,1002,4396.268492
22.0,1002,4411.904648
23.0,1002,4427.520847
27.0,1002,4443.165515
24.0,1002,4462.331721
25.0,1002,4477.961147
21.0,1002,4493.588425
24.0,1002,4509.210802
30.0,1002,4524.827358
23.0,1002,4540.453508
20.0,1002,4556.068719
18.0,1002,4571.691663
25.0,1002,4587.324558
19.0,1002,4606.481675
28.0,1002,4622.115505
29.0,1002,4637.71171
21.0,1002,4653.327099
20.0,1002,4668.940123
21.0,1002,4684.579113
21.0,1002,4700.191614
23.0,1002,4715.813482
22.0,1002,4735.030263
20.0,1002,4750.63826
22.0,1002,4766.273615
27.0,1002,4781.906213
28.0,1002,4797.513181
25.0,1002,4813.155189
22.0,1002,4828.776151
20.0,1002,4844.399016
18.0,1002,4863.55753
1031.0,908,4877.683115
21.0,1002,4893.3049
27.0,1002,4908.924832
18.0,1002,4924.523198
26.0,1002,4940.12069
18.0,1002,4955.764948
25.0,1002,4971.386302
19.0,1002,4990.644231
22.0,1002,5006.270522
19.0,1002,5021.908781
17.0,1002,5037.53605
23.0,1002,5053.161026
24.0,1002,5068.761437
26.0,1002,5084.375314
28.0,1002,5099.980335
21.0,1002,5119.126337
21.0,1002,5134.72807
17.0,1002,5150.339812
18.0,1002,5165.959794
28.0,1002,5181.577665
30.0,1002,5197.212005
25.0,1002,5212.825224
26.0,1002,5228.438459
21.0,1002,5244.067289
15.0,1002,5263.251384
23.0,1002,5278.859608
21.0,1002,5294.499079
25.0,1002,5310.12647
27.0,1002,5325.751462
15.0,1002,5341.36418
19.0,1002,5357.004141
28.0,1002,5372.637233
24.0,1002,5391.799431
22.0,1002,5407.436404
27.0,1002,5423.047989
29.0,1002,5438.66032
23.0,1002,5454.269704
25.0,1002,5469.887513
17.0,1002,5485.513675
15.0,1002,5501.130869
29.0,1002,5520.260088
18.0,1002,5535.869402
22.0,1002,5551.481992
22.0,1002,5567.096313
26.0,1002,5582.717445
25.0,1002,5598.306268
22.0,1002,5613.92453
29.0,1002,5629.552352
25.0,1002,5648.677853
28.0,1002,5664.284012
25.0,1002,5679.912922
31.0,1002,5695.519718
24.0,1002,5711.120621
28.0,1002,5726.745957
22.0,1002,5742.369144
28.0,1002,5757.99471
29.0,1002,5777.141471
28.0,1002,5792.766351
1026.0,170,5795.444182
28.0,1002,5811.069951
30.0,1002,5826.666605
31.0,1002,5842.279687
32.0,1002,5857.932132
31.0,1002,5873.545837
22.0,1002,5889.155661
27.0,1002,5908.314935
29.0,1002,5923.930824
24.0,1002,5939.53422
32.0,1002,5955.16008
33.0,1002,5970.776417
31.0,1002,5986.391248
28.0,1002,6002.014597
28.0,1002,6017.617173
21.0,1002,6033.25154
28.0,1002,6052.34416
26.0,1002,6067.946458
23.0,1002,6083.619678
31.0,1002,6099.31982
19.0,1002,6115.073775
25.0,1002,6130.751948
1028.0,452,6137.807311
20.0,1002,6153.438999
29.0,1002,6172.564549
26.0,1002,6188.196998
29.0,1002,6203.832498
24.0,1002,6219.464906
30.0,1002,6235.063323
24.0,1002,6250.669255
28.0,1002,6266.265345
23.0,1002,6281.896837
29.0,1002,6301.001172
26.0,1002,6316.63705
25.0,1002,6332.237843
26.0,1002,6347.840688
20.0,1002,6363.475587
22.0,1002,6379.095946
24.0,1002,6394.704115
26.0,1002,6410.313296
28.0,1002,6425.934899
24.0,1002,6445.110518
26.0,1002,6460.733073
30.0,1002,6476.351229
26.0,1002,6491.953711
26.0,1002,6507.601191
28.0,1002,6523.232909
26.0,1002,6538.863102
23.0,1002,6554.480668
21.0,1002,6573.592134
29.0,1002,6589.213319
25.0,1002,6604.808551
23.0,1002,6620.437488
29.0,1002,6636.067992
26.0,1002,6651.673062
26.0,1002,6667.283699
1025.0,132,6669.371111
28.0,1002,6684.977676
21.0,1002,6704.132796
29.0,1002,6719.765424
25.0,1002,6735.393254
32.0,1002,6751.027334
23.0,1002,6766.646345
24.0,1002,6782.261581
30.0,1002,6797.864956
26.0,1002,6813.490954
25.0,1002,6832.605074
28.0,1002,6848.201544
23.0,1002,6863.821571
26.0,1002,6879.451929
20.0,1002,6895.051011
26.0,1002,6910.654778
26.0,1002,6926.262805
19.0,1002,6941.891155
24.0,1002,6961.034918
24.0,1002,6976.644657
25.0,1002,6992.252009
23.0,1002,7007.872095
22.0,1002,7023.48073
28.0,1002,7039.105825
18.0,1002,7054.732391
24.0,1002,7070.374996
28.0,1002,7089.488531
21.0,1002,7105.09944
23.0,1002,7120.72362
27.0,1002,7136.34722
25.0,1002,7151.953787
22.0,1002,7167.587269
26.0,1002,7183.219711
21.0,1002,7198.846323
22.0,1002,7214.447667
25.0,1002,7233.593089
19.0,1002,7249.220578
21.0,1002,7264.821968
22.0,1002,7280.430003
21.0,1002,7296.04873
26.0,1002,7311.658595
23.0,1002,7327.262203
22.0,1002,7342.87289
17.0,1002,7362.167134
26.0,1002,7377.784295
26.0,1002,7393.391165
19.0,1002,7409.00933
25.0,1002,7424.61103
18.0,1002,7440.233895
26.0,1002,7455.866068
19.0,1002,7471.511479
29.0,1002,7490.686369
28.0,1002,7506.299084
24.0,1002,7521.924076
25.0,1002,7537.548957
26.0,1002,7553.159857
22.0,1002,7568.766697
22.0,1002,7584.398021
23.0,1002,7600.029469
20.0,1002,7619.135486
21.0,1002,7634.726784
28.0,1002,7650.350057
22.0,1002,7665.946579
21.0,1002,7681.573304
28.0,1002,7697.200141
22.0,1002,7712.840959
30.0,1002,7728.454154
23.0,1002,7747.599438
21.0,1002,7763.223332
18.0,1002,7778.852342
29.0,1002,7794.451545
21.0,1002,7810.076453
18.0,1002,7825.665369
21.0,1002,7841.288734
22.0,1002,7856.900736
27.0,1002,7876.004328
19.0,1002,7891.646769
27.0,1002,7907.278845
27.0,1002,7922.90411
24.0,1002,7938.526484
21.0,1002,7954.138555
27.0,1002,7969.740687
21.0,1002,7985.374453
21.0,1002,8000.986547
19.0,1002,8020.123176
21.0,1002,8035.736633
18.0,1002,8051.363498
28.0,1002,8066.972223
18.0,1002,8082.585024
20.0,1002,8098.213109
31.0,1002,8113.817838
26.0,1002,8129.43311
30.0,1002,8148.578587
23.0,1002,8164.213881
21.0,1002,8179.834605
24.0,1002,8195.467443
30.0,1002,8211.069479
30.0,1002,8226.69675
22.0,1002,8242.311733
23.0,1002,8257.93249
20.0,1002,8277.025137
27.0,1002,8292.644751
19.0,1002,8308.278818
19.0,1002,8323.893788
24.0,1002,8339.522139
26.0,1002,8355.14762
21.0,1002,8370.784414
23.0,1002,8386.377433
21.0,1002,8405.544262
27.0,1002,8421.162678
22.0,1002,8436.803925
20.0,1002,8452.419635
19.0,1002,8468.043873
19.0,1002,8483.663156
26.0,1002,8499.292615
23.0,1002,8514.935688
19.0,1002,8534.001261
19.0,1002,8549.600943
18.0,1002,8565.218901
22.0,1002,8580.850868
23.0,1002,8596.478142
20.0,1002,8612.099201
22.0,1002,8627.715261
19.0,1002,8643.332973
24.0,1002,8662.433525
29.0,1002,8678.049821
23.0,1002,8693.670901
20.0,1002,8709.294436
23.0,1002,8724.911293
23.0,1002,8740.540772
17.0,1002,8756.134548
16.0,1002,8771.746579
26.0,1002,8787.370524
18.0,1002,8806.563473
19.0,1002,8822.199494
20.0,1002,8837.816235
22.0,1002,8853.433867
23.0,1002,8869.056948
15.0,1002,8884.694117
17.0,1002,8900.310432
23.0,1002,8915.942355
27.0,1002,8935.093972
26.0,1002,8950.712355
21.0,1002,8966.332555
16.0,1002,8981.960075
19.0,1002,8997.582591
30.0,1002,9013.183648
21.0,1002,9028.809499
19.0,1002,9044.439018
26.0,1002,9063.550062
24.0,1002,9079.170414
22.0,1002,9094.78422
25.0,1002,9110.409009
25.0,1002,9126.037437
20.0,1002,9141.639125
21.0,1002,9157.259568
16.0,1002,9172.883736
24.0,1002,9192.038017
16.0,1002,9207.670884
22.0,1002,9223.299096
24.0,1002,9238.910311
16.0,1002,9254.524756
21.0,1002,9270.136772
21.0,1002,9285.759345
26.0,1002,9301.414158
15.0,1002,9320.604543
22.0,1002,9336.228947
18.0,1002,9351.854372
20.0,1002,9367.473499
23.0,1002,9383.091183
21.0,1002,9398.68372
17.0,1002,9414.30972
15.0,1002,9429.920907
18.0,1002,9449.141749
18.0,1002,9464.764297
20.0,1002,9480.380455
21.0,1002,9496.002072
21.0,1002,9511.621653
16.0,1002,9527.244411
20.0,1002,9542.870173
29.0,1002,9558.493149
25.0,1002,9574.113154
25.0,1002,9593.255896
18.0,1002,9608.878549
21.0,1002,9624.470558
23.0,1002,9640.098247
21.0,1002,9655.704351
23.0,1002,9671.320607
17.0,1002,9686.939687
23.0,1002,9702.566082
21.0,1002,9721.68143
15.0,1002,9737.311533
19.0,1002,9752.95366
21.0,1002,9768.588462
17.0,1002,9784.182054
18.0,1002,9799.786971
16.0,1002,9815.3933
27.0,1002,9831.001303
19.0,1002,9850.215751
21.0,1002,9865.82466
26.0,1002,9881.448794
20.0,1002,9897.052191
20.0,1002,9912.674734
17.0,1002,9928.296731
20.0,1002,9943.913324
21.0,1002,9959.542989
24.0,1002,9978.595216
22.0,1002,9994.207199
20.0,1002,10009.834676
18.0,1002,10025.453596
18.0,1002,10041.054193
25.0,1002,10056.687138
18.0,1002,10072.309696
16.0,1002,10087.929702
20.0,1002,10107.034436
14.0,1002,10122.66551
24.0,1002,10138.291999
20.0,1002,10153.915276
20.0,1002,10169.552894
22.0,1002,10185.169191
21.0,1002,10200.769708
17.0,1002,10216.387446
24.0,1002,10231.956045
17.0,1002,10251.133998
19.0,1002,10266.75737
17.0,1002,10282.372998
18.0,1002,10297.994661
21.0,1002,10313.615947
14.0,1002,10329.248913
23.0,1002,10344.863023
14.0,1002,10360.485388
16.0,1002,10379.619158
18.0,1002,10395.241749
16.0,1002,10410.852211
15.0,1002,10426.487562
19.0,1002,10442.108524
18.0,1002,10457.720356
17.0,1002,10473.342754
15.0,1002,10488.962079
27.0,1002,10508.095776
22.0,1002,10523.70102
19.0,1002,10539.345534
15.0,1002,10554.988414
20.0,1002,10570.62134
16.0,1002,10586.249822
15.0,1002,10601.849972
17.0,1002,10617.480139
16.0,1002,10636.640084
16.0,1002,10652.274128
21.0,1002,10667.889304
19.0,1002,10683.514918
20.0,1002,10699.121361
16.0,1002,10714.772066
17.0,1002,10730.385941
15.0,1002,10745.985119
18.0,1002,10765.090314
15.0,1002,10780.708453
15.0,1002,10796.332164
17.0,1002,10811.971951
26.0,1002,10827.600711
1030.0,836,10840.634415
19.0,1002,10856.260243
23.0,1002,10871.901183
20.0,1002,10887.50708
20.0,1002,10906.84164
20.0,1002,10922.483979
16.0,1002,10938.100125
20.0,1002,10953.721993
16.0,1002,10969.455911
20.0,1002,10985.092204
17.0,1002,11000.707223
23.0,1002,11016.329658
15.0,1002,11035.49646
20.0,1002,11051.111355
19.0,1002,11066.699716
17.0,1002,11082.317862
18.0,1002,11097.940905
16.0,1002,11113.580994
15.0,1002,11129.206276
23.0,1002,11144.832507
20.0,1002,11163.936946
21.0,1002,11179.558968
20.0,1002,11195.170977
24.0,1002,11210.781097
19.0,1002,11226.405915
31.0,1002,11242.022381
20.0,1002,11257.650084
17.0,1002,11273.268794
16.0,1002,11292.427459
18.0,1002,11308.047576
25.0,1002,11323.667686
22.0,1002,11339.280222
22.0,1002,11354.902125
21.0,1002,11370.501786
19.0,1002,11386.116694
16.0,1002,11401.711823
19.0,1002,11420.87348
21.0,1002,11436.491562
14.0,1002,11452.112137
19.0,1002,11467.734464
16.0,1002,11483.357217
20.0,1002,11498.97285
26.0,1002,11514.582146
14.0,1002,11530.205419
16.0,1002,11549.481387
17.0,1002,11565.080312
15.0,1002,11580.708612
19.0,1002,11596.327426
15.0,1002,11611.967216
15.0,1002,11627.592874
16.0,1002,11643.222464
19.0,1002,11658.867836
17.0,1002,11674.497662
17.0,1002,11693.697041
13.0,1002,11709.312939
19.0,1002,11724.958694
15.0,1002,11740.592607
14.0,1002,11756.214911
17.0,1002,11771.835602
15.0,1002,11787.445358
23.0,1002,11803.067127
21.0,1002,11822.160405
20.0,1002,11837.78502
19.0,1002,11853.413455
15.0,1002,11869.041819
15.0,1002,11884.673571
21.0,1002,11900.296994
13.0,1002,11915.922623
21.0,1002,11931.549197
16.0,1002,11950.678932
14.0,1002,11966.314847
18.0,1002,11981.93059
20.0,1002,11997.556959
19.0,1002,12013.186049
18.0,1002,12028.792346
18.0,1002,12044.418771
20.0,1002,12060.04955
17.0,1002,12079.159741
17.0,1002,12094.780855
17.0,1002,12110.388318
13.0,1002,12125.999345
14.0,1002,12141.619899
12.0,1002,12157.24124
15.0,1002,12172.850011
15.0,1002,12188.47405
13.0,1002,12207.607728
12.0,1002,12223.229963
13.0,1002,12238.854899
18.0,1002,12254.476875
12.0,1002,12270.094756
18.0,1002,12285.715793
18.0,1002,12301.345001
19.0,1002,12316.972263
19.0,1002,12332.603438
13.0,1002,12351.713068
10.0,1002,12367.33062
14.0,1002,12382.958814
11.0,1002,12398.593243
14.0,1002,12414.219874
19.0,1002,12429.839446
12.0,1002,12445.445135
18.0,1002,12461.070763
10.0,1002,12480.254173
15.0,1002,12495.869224
16.0,1002,12511.484079
13.0,1002,12527.10002
16.0,1002,12542.703449
12.0,1002,12558.322485
13.0,1002,12573.9568
16.0,1002,12589.577084
13.0,1002,12608.679746
14.0,1002,12624.304605
12.0,1002,12639.916603
13.0,1002,12655.541751
15.0,1002,12671.177299
15.0,1002,12686.785914
10.0,1002,12702.387443
12.0,1002,12718.000426
14.0,1002,12737.159335
12.0,1002,12752.796962
12.0,1002,12768.412961
11.0,1002,12784.000093
12.0,1002,12799.626554
10.0,1002,12815.241139
17.0,1002,12830.865486
9.0,1002,12846.484139
10.0,1002,12865.778115
11.0,1002,12881.506085
12.0,1002,12897.167943
13.0,1002,12912.83957
12.0,1002,12928.498846
13.0,1002,12944.169754
12.0,1002,12959.83631
15.0,1002,12975.497997
11.0,1002,12994.748864
12.0,1002,13010.401797
12.0,1002,13026.025306
13.0,1002,13041.64174
18.0,1002,13057.257656
12.0,1002,13072.874284
10.0,1002,13088.497292
14.0,1002,13104.132831
11.0,1002,13119.750903
10.0,1002,13138.883535
10.0,1002,13154.488898
13.0,1002,13170.114935
14.0,1002,13185.733911
13.0,1002,13201.376202
11.0,1002,13216.955295
11.0,1002,13232.590495
13.0,1002,13248.211153
11.0,1002,13267.312843
10.0,1002,13282.941858
12.0,1002,13298.548587
12.0,1002,13314.181909
12.0,1002,13329.787705
12.0,1002,13345.431686
12.0,1002,13361.072875
17.0,1002,13376.687839
12.0,1002,13395.801716
17.0,1002,13411.435565
17.0,1002,13427.027479
14.0,1002,13442.653147
11.0,1002,13458.287827
13.0,1002,13473.916902
11.0,1002,13489.542883
10.0,1002,13505.170728
14.0,1002,13524.26209
10.0,1002,13539.883603
14.0,1002,13555.515835
11.0,1002,13571.125227
11.0,1002,13586.731122
15.0,1002,13602.35742
11.0,1002,13617.986289
10.0,1002,13633.614291
10.0,1002,13653.310698
12.0,1002,13668.929856
9.0,1002,13684.558468
9.0,1002,13700.175524
12.0,1002,13715.811142
12.0,1002,13731.430288
11.0,1002,13747.04252
9.0,1002,13762.661448
13.0,1002,13781.844249
13.0,1002,13797.479638
10.0,1002,13813.092946
9.0,1002,13828.711067
13.0,1002,13844.32965
12.0,1002,13859.939674
10.0,1002,13875.565251
14.0,1002,13891.128193
10.0,1002,13906.723023
8.0,1002,13925.889462
9.0,1002,13941.50567
11.0,1002,13957.142737
11.0,1002,13972.761536
9.0,1002,13988.373186
8.0,1002,14003.985743
11.0,1002,14019.599032
10.0,1002,14035.222977
10.0,1002,14054.283964
9.0,1002,14069.913502
14.0,1002,14085.517868
12.0,1002,14101.143523
10.0,1002,14116.74342
10.0,1002,14132.370764
10.0,1002,14147.987672
9.0,1002,14163.617517
11.0,1002,14182.699064
9.0,1002,14198.367554
10.0,1002,14213.999389
9.0,1002,14229.623057
8.0,1002,14245.226613
10.0,1002,14260.874074
13.0,1002,14276.50192
13.0,1002,14292.101279
11.0,1002,14311.167572
11.0,1002,14326.792825
9.0,1002,14342.423351
8.0,1002,14358.042309
9.0,1002,14373.6507
11.0,1002,14389.28368
13.0,1002,14404.909252
8.0,1002,14420.518031
8.0,1002,14439.570227
10.0,1002,14455.192494
11.0,1002,14470.814902
8.0,1002,14486.434957
11.0,1002,14502.068705
8.0,1002,14517.675442
14.0,1002,14533.285459
8.0,1002,14548.907325
9.0,1002,14564.528824
9.0,1002,14583.622937
10.0,1002,14599.227929
9.0,1002,14614.860596
9.0,1002,14630.481929
10.0,1002,14646.083517
10.0,1002,14661.687712
7.0,1002,14677.332451
8.0,1002,14692.940447
7.0,1002,14712.099789
7.0,1002,14727.724848
13.0,1002,14743.352767
9.0,1002,14758.980229
7.0,1002,14774.61052
8.0,1002,14790.236291
13.0,1002,14805.85805
12.0,1002,14821.476656
9.0,1002,14840.579463
16.0,1002,14856.222343
5.0,1002,14871.836345
10.0,1002,14887.456164
8.0,1002,14903.071607
9.0,1002,14918.689864
11.0,1002,14934.3225
8.0,1002,14949.940448
11.0,1002,14969.024441
11.0,1002,14984.63547
8.0,1002,15000.263867
12.0,1002,15015.86412
9.0,1002,15031.503331
8.0,1002,15047.113744
18.0,1002,15062.72591
13.0,1002,15078.341205
9.0,1002,15097.460323
10.0,1002,15113.083745
13.0,1002,15128.697024
9.0,1002,15144.32218
8.0,1002,15159.958979
8.0,1002,15175.576321
8.0,1002,15191.185912
8.0,1002,15206.79338
9.0,1002,15225.931776
9.0,1002,15241.545593
11.0,1002,15257.138757
10.0,1002,15272.760427
13.0,1002,15288.406913
12.0,1002,15304.031941
9.0,1002,15319.652687
8.0,1002,15335.276748
11.0,1002,15350.892207
12.0,1002,15370.079998
10.0,1002,15385.693062
9.0,1002,15401.31754
6.0,1002,15416.923739
9.0,1002,15432.53118
7.0,1002,15448.145844
8.0,1002,15463.761597
7.0,1002,15479.366781
6.0,1002,15498.443608
10.0,1002,15514.069026
7.0,1002,15529.706715
8.0,1002,15545.363652
9.0,1002,15560.988773
13.0,1002,15576.614615
10.0,1002,15592.252858
10.0,1002,15607.871948
9.0,1002,15627.154115
8.0,1002,15642.788974
13.0,1002,15658.467051
7.0,1002,15674.109422
11.0,1002,15689.726641
12.0,1002,15705.349637
6.0,1002,15721.071286
9.0,1002,15736.765611
6.0,1002,15756.023803
10.0,1002,15771.655808
7.0,1002,15787.278092
11.0,1002,15802.915327
6.0,1002,15818.537757
7.0,1002,15834.147116
19.0,1002,15849.777205
5.0,1002,15865.378449
8.0,1002,15884.49851
8.0,1002,15900.114059
8.0,1002,15915.725318
8.0,1002,15931.339162
8.0,1002,15946.959971
6.0,1002,15962.567131
8.0,1002,15978.185013
8.0,1002,15993.80343
11.0,1002,16012.977619
8.0,1002,16028.584151
6.0,1002,16044.190211
7.0,1002,16059.804368
9.0,1002,16075.416713
8.0,1002,16091.026173
8.0,1002,16106.645129
11.0,1002,16122.270404
6.0,1002,16137.914839
5.0,1002,16157.060944
11.0,1002,16172.679283
9.0,1002,16188.312262
22.0,1002,16203.938118
7.0,1002,16219.551696
9.0,1002,16235.160028
7.0,1002,16250.804073
9.0,1002,16266.412233
7.0,1002,16285.561444
5.0,1002,16301.176061
8.0,1002,16316.802023
9.0,1002,16332.432305
9.0,1002,16348.047076
8.0,1002,16363.663484
7.0,1002,16379.297843
6.0,1002,16394.914347
8.0,1002,16414.096636
8.0,1002,16429.715838
9.0,1002,16445.335774
5.0,1002,16460.963316
7.0,1002,16476.577222
13.0,1002,16492.206434
9.0,1002,16507.823081
7.0,1002,16523.422047
5.0,1002,16542.516187
11.0,1002,16558.132583
8.0,1002,16573.758641
6.0,1002,16589.387972
8.0,1002,16604.992779
5.0,1002,16620.666764
12.0,1002,16636.330301
8.0,1002,16651.94477
8.0,1002,16671.038294
9.0,1002,16686.656298
9.0,1002,16702.287694
25.0,1002,16717.920474
8.0,1002,16733.555666
8.0,1002,16749.172002
8.0,1002,16764.784716
6.0,1002,16780.413535
9.0,1002,16799.52874
6.0,1002,16815.151852
9.0,1002,16830.771596
8.0,1002,16846.399642
8.0,1002,16862.022136
9.0,1002,16877.641418
5.0,1002,16893.268625
7.0,1002,16908.903351
6.0,1002,16924.530633
9.0,1002,16943.632043
6.0,1002,16959.247492
5.0,1002,16974.886656
14.0,1002,16990.51312
6.0,1002,17006.131042
6.0,1002,17021.736623
7.0,1002,17037.348619
7.0,1002,17052.961415
15.0,1002,17072.063038
8.0,1002,17087.6752
12.0,1002,17103.294333
6.0,1002,17118.916494
8.0,1002,17134.537374
7.0,1002,17150.16238
8.0,1002,17165.809067
7.0,1002,17181.436526
5.0,1002,17200.600044
7.0,1002,17216.224296
6.0,1002,17231.840676
7.0,1002,17247.47753
8.0,1002,17263.097478
15.0,1002,17278.725674
8.0,1002,17294.353189
7.0,1002,17309.968711
7.0,1002,17329.124911
8.0,1002,17344.751096
7.0,1002,17360.377662
11.0,1002,17376.020521
8.0,1002,17391.652616
14.0,1002,17407.272605
9.0,1002,17422.889624
12.0,1002,17438.49559
7.0,1002,17457.641242
8.0,1002,17473.257486
8.0,1002,17488.894563
7.0,1002,17504.512142
7.0,1002,17520.144281
6.0,1002,17535.757502
7.0,1002,17551.36917
8.0,1002,17566.994779
10.0,1002,17582.623306
8.0,1002,17601.780193
13.0,1002,17617.395504
8.0,1002,17633.024111
29.0,1002,17648.657505
8.0,1002,17664.263949
7.0,1002,17679.873431
8.0,1002,17695.506083
7.0,1002,17711.141607
7.0,1002,17730.294191
8.0,1002,17745.910294
7.0,1002,17761.530188
11.0,1002,17777.144277
9.0,1002,17792.766772
20.0,1002,17808.37934
11.0,1002,17824.013991
7.0,1002,17839.630252
7.0,1002,17858.853054
8.0,1002,17874.471312
6.0,1002,17890.092603
12.0,1002,17905.716774
6.0,1002,17921.348776
8.0,1002,17936.971377
6.0,1002,17952.595591
8.0,1002,17968.224096
6.0,1002,17987.394926
6.0,1002,18003.00363
7.0,1002,18018.614303
7.0,1002,18034.239889
7.0,1002,18049.850815
7.0,1002,18065.472931
11.0,1002,18081.091154
9.0,1002,18096.718245
9.0,1002,18116.114548
10.0,1002,18131.738431
7.0,1002,18147.351318
6.0,1002,18162.956235
8.0,1002,18178.586415
9.0,1002,18194.2091
10.0,1002,18209.818558
7.0,1002,18225.442632
13.0,1002,18244.522318
10.0,1002,18260.145326
8.0,1002,18275.75838
11.0,1002,18291.375909
9.0,1002,18307.000061
8.0,1002,18322.609226
6.0,1002,18338.224369
7.0,1002,18353.817271
10.0,1002,18369.437541
6.0,1002,18388.551049
8.0,1002,18404.164118
5.0,1002,18419.800255
6.0,1002,18435.424688
6.0,1002,18451.045999
8.0,1002,18466.653409
9.0,1002,18482.278469
8.0,1002,18497.889748
7.0,1002,18517.060339
5.0,1002,18532.689767
10.0,1002,18548.324081
8.0,1002,18563.941573
13.0,1002,18579.545996
10.0,1002,18595.156753
10.0,1002,18610.788501
8.0,1002,18626.414762
10.0,1002,18645.534043
8.0,1002,18661.159266
8.0,1002,18676.775179
8.0,1002,18692.389192
8.0,1002,18708.010455
7.0,1002,18723.633487
10.0,1002,18739.25997
9.0,1002,18754.890928
12.0,1002,18774.013095
8.0,1002,18789.630486
7.0,1002,18805.229315
7.0,1002,18820.859466
8.0,1002,18836.459636
8.0,1002,18852.078746
6.0,1002,18867.709461
7.0,1002,18883.339141
8.0,1002,18902.491436
13.0,1002,18918.10956
8.0,1002,18933.735678
8.0,1002,18949.364549
10.0,1002,18964.990961
7.0,1002,18980.616748
7.0,1002,18996.247778
7.0,1002,19011.857553
6.0,1002,19031.015312
8.0,1002,19046.644867
14.0,1002,19062.264092
8.0,1002,19077.87217
9.0,1002,19093.495372
9.0,1002,19109.117579
7.0,1002,19124.739995
11.0,1002,19140.385744
7.0,1002,19156.058039
10.0,1002,19175.18222
8.0,1002,19190.795334
9.0,1002,19206.437449
8.0,1002,19222.045846
6.0,1002,19237.660972
10.0,1002,19253.265277
6.0,1002,19268.875684
13.0,1002,19284.483836
6.0,1002,19303.656457
7.0,1002,19319.269511
9.0,1002,19334.901231
9.0,1002,19350.512923
10.0,1002,19366.126095
9.0,1002,19381.740561
7.0,1002,19397.364851
12.0,1002,19412.97503
6.0,1002,19432.220648
9.0,1002,19447.826999
10.0,1002,19463.456693
8.0,1002,19479.054069
10.0,1002,19494.662108
6.0,1002,19510.279068
7.0,1002,19525.904257
8.0,1002,19541.525097
9.0,1002,19560.642673
6.0,1002,19576.258166
6.0,1002,19591.899648
7.0,1002,19607.515957
11.0,1002,19623.128003
8.0,1002,19638.75133
10.0,1002,19654.394973
11.0,1002,19670.024628
6.0,1002,19689.134072
7.0,1002,19704.762391
8.0,1002,19720.376162
7.0,1002,19735.986434
12.0,1002,19751.596469
14.0,1002,19767.225101
10.0,1002,19782.833978
7.0,1002,19798.452324
6.0,1002,19814.084436
9.0,1002,19833.248131
12.0,1002,19848.882121
12.0,1002,19864.49107
8.0,1002,19880.108143
8.0,1002,19895.732832
8.0,1002,19911.352866
8.0,1002,19926.987713
9.0,1002,19942.609777
6.0,1002,19961.874654
12.0,1002,19977.505862
13.0,1002,19993.126949
7.0,1002,20008.736943
6.0,1002,20024.360852
6.0,1002,20040.000247
7.0,1002,20055.600101
9.0,1002,20071.230194
10.0,1002,20090.350877
9.0,1002,20105.963726
7.0,1002,20121.590418
6.0,1002,20137.198672
9.0,1002,20152.804527
6.0,1002,20168.411101
7.0,1002,20184.025499
8.0,1002,20199.652632
9.0,1002,20218.774974
7.0,1002,20234.398597
9.0,1002,20250.023366
8.0,1002,20265.653519
10.0,1002,20281.282216
8.0,1002,20296.900328
10.0,1002,20312.536525
10.0,1002,20328.161278
6.0,1002,20347.339556
8.0,1002,20362.964232
6.0,1002,20378.571195
6.0,1002,20394.17766
7.0,1002,20409.805416
7.0,1002,20425.408992
9.0,1002,20441.029255
7.0,1002,20456.661627
11.0,1002,20475.851052
10.0,1002,20491.470994
6.0,1002,20507.094792
7.0,1002,20522.733873
9.0,1002,20538.352132
8.0,1002,20553.999395
7.0,1002,20569.638414
7.0,1002,20585.253478
7.0,1002,20600.880313
8.0,1002,20620.016248
7.0,1002,20635.635856
8.0,1002,20651.26266
5.0,1002,20666.887456
5.0,1002,20682.499474
9.0,1002,20698.128109
16.0,1002,20713.753129
12.0,1002,20729.377166
8.0,1002,20748.51352
7.0,1002,20764.125196
8.0,1002,20779.741522
7.0,1002,20795.377247
12.0,1002,20810.997238
5.0,1002,20826.615859
8.0,1002,20842.229746
8.0,1002,20857.863461
14.0,1002,20876.941148
8.0,1002,20892.578449
7.0,1002,20908.186066
10.0,1002,20923.809289
11.0,1002,20939.410954
11.0,1002,20955.010782
6.0,1002,20970.652151
8.0,1002,20986.264769
7.0,1002,21005.377866
10.0,1002,21020.984668
9.0,1002,21036.618595
8.0,1002,21052.237672
14.0,1002,21067.861841
7.0,1002,21083.489797
13.0,1002,21099.107722
12.0,1002,21114.734072
8.0,1002,21133.836856
10.0,1002,21149.465775
9.0,1002,21165.084474
16.0,1002,21180.710386
9.0,1002,21196.326537
5.0,1002,21211.946963
8.0,1002,21227.55963
8.0,1002,21243.174093
13.0,1002,21262.31337
9.0,1002,21277.940347
10.0,1002,21293.568728
8.0,1002,21309.190144
8.0,1002,21324.815432
9.0,1002,21340.462429
9.0,1002,21356.087545
7.0,1002,21371.721409
11.0,1002,21387.352351
8.0,1002,21406.589798
6.0,1002,21422.211314
8.0,1002,21437.827469
6.0,1002,21453.441131
4.0,1002,21469.083285
6.0,1002,21484.720652
5.0,1002,21500.354165
7.0,1002,21515.995819
15.0,1002,21535.141722
6.0,1002,21550.756744
11.0,1002,21566.371047
8.0,1002,21582.009907
6.0,1002,21597.634442
13.0,1002,21613.271897
5.0,1002,21628.895928
10.0,1002,21644.506335
5.0,1002,21663.582134
12.0,1002,21679.182703
11.0,1002,21694.793057
9.0,1002,21710.423902
13.0,1002,21726.045196
9.0,1002,21741.681699
10.0,1002,21757.299736
5.0,1002,21772.938353
9.0,1002,21792.136457
10.0,1002,21807.749149
10.0,1002,21823.372901
9.0,1002,21839.007872
6.0,1002,21854.687207
8.0,1002,21870.361225
6.0,1002,21885.986098
6.0,1002,21901.611664
10.0,1002,21920.774299
8.0,1002,21936.388012
11.0,1002,21952.007739
9.0,1002,21967.62837
8.0,1002,21983.255444
7.0,1002,21998.858118
7.0,1002,22014.466074
5.0,1002,22030.086758
7.0,1002,22045.710354
6.0,1002,22065.046556
7.0,1002,22080.673662
7.0,1002,22096.273176
10.0,1002,22111.895837
7.0,1002,22127.522875
10.0,1002,22143.147243
7.0,1002,22158.7627
11.0,1002,22174.383913
7.0,1002,22193.523792
12.0,1002,22209.139249
11.0,1002,22224.756716
7.0,1002,22240.370631
5.0,1002,22256.008427
12.0,1002,22271.61957
10.0,1002,22287.257735
10.0,1002,22302.86618
8.0,1002,22321.938974
8.0,1002,22337.561409
10.0,1002,22353.17319
9.0,1002,22368.784611
9.0,1002,22384.398331
8.0,1002,22400.017178
7.0,1002,22415.636916
12.0,1002,22431.269233
8.0,1002,22450.41138
7.0,1002,22466.012928
5.0,1002,22481.633883
12.0,1002,22497.262537
8.0,1002,22512.869634
8.0,1002,22528.487369
8.0,1002,22544.103029
7.0,1002,22559.729187
12.0,1002,22578.860266
8.0,1002,22594.492153
8.0,1002,22610.099955
7.0,1002,22625.720518
5.0,1002,22641.338357
6.0,1002,22656.968855
6.0,1002,22672.580116
12.0,1002,22688.190115
7.0,1002,22707.323059
11.0,1002,22722.937905
5.0,1002,22738.557125
6.0,1002,22754.189651
7.0,1002,22769.805876
10.0,1002,22785.418278
8.0,1002,22801.065996
8.0,1002,22816.699372
6.0,1002,22832.317714
12.0,1002,22851.456366
8.0,1002,22867.064999
5.0,1002,22882.680545
7.0,1002,22898.301357
5.0,1002,22913.916477
6.0,1002,22929.530586
8.0,1002,22945.13926
7.0,1002,22960.771715
10.0,1002,22979.955615
6.0,1002,22995.565861
15.0,1002,23011.189422
8.0,1002,23026.801058
12.0,1002,23042.428154
9.0,1002,23058.027606
12.0,1002,23073.644767
7.0,1002,23089.284027
8.0,1002,23108.438507
11.0,1002,23124.066002
7.0,1002,23139.692279
7.0,1002,23155.298445
6.0,1002,23170.921098
7.0,1002,23186.535079
7.0,1002,23202.168911
8.0,1002,23217.7926
7.0,1002,23236.98522
10.0,1002,23252.612702
6.0,1002,23268.251349
7.0,1002,23283.882216
11.0,1002,23299.496871
6.0,1002,23315.120668
5.0,1002,23330.735951
8.0,1002,23346.345649
9.0,1002,23365.475579
9.0,1002,23381.11443
6.0,1002,23396.750377
10.0,1002,23412.379729
11.0,1002,23427.993991
10.0,1002,23443.609761
12.0,1002,23459.235183
6.0,1002,23474.852198
11.0,1002,23494.008108
6.0,1002,23509.62549
9.0,1002,23525.249668
6.0,1002,23540.880876
12.0,1002,23556.495489
8.0,1002,23572.108083
9.0,1002,23587.737518
9.0,1002,23603.341447
9.0,1002,23618.959045
11.0,1002,23638.118442
7.0,1002,23653.738554
13.0,1002,23669.368403
8.0,1002,23684.981355
14.0,1002,23700.594431
6.0,1002,23716.211476
11.0,1002,23731.829138
9.0,1002,23747.44693
10.0,1002,23766.572081
10.0,1002,23782.186743
8.0,1002,23797.796097
11.0,1002,23813.384368
8.0,1002,23829.004513
4.0,1002,23844.626845
7.0,1002,23860.267146
6.0,1002,23875.882932
7.0,1002,23894.98051
9.0,1002,23910.602818
6.0,1002,23926.234926
8.0,1002,23941.860879
11.0,1002,23957.491213
11.0,1002,23973.130303
9.0,1002,23988.750521
8.0,1002,24004.372579
7.0,1002,24023.551036
7.0,1002,24039.171319
9.0,1002,24054.788683
5.0,1002,24070.423739
9.0,1002,24086.037822
7.0,1002,24101.659139
10.0,1002,24117.276714
8.0,1002,24132.911811
7.0,1002,24152.260498
7.0,1002,24167.886101
6.0,1002,24183.497609
11.0,1002,24199.112856
6.0,1002,24214.741902
4.0,1002,24230.381579
7.0,1002,24245.990001
9.0,1002,24261.613459
11.0,1002,24277.245381
13.0,1002,24296.410848
4.0,1002,24312.033299
6.0,1002,24327.639709
7.0,1002,24343.26382
8.0,1002,24358.884794
10.0,1002,24374.51421
8.0,1002,24390.146818
6.0,1002,24405.765399
6.0,1002,24424.86252
7.0,1002,24440.475154
7.0,1002,24456.11219
10.0,1002,24471.727349
6.0,1002,24487.363016
6.0,1002,24502.99649
7.0,1002,24518.599797
8.0,1002,24534.224158
6.0,1002,24553.349364
14.0,1002,24568.994391
8.0,1002,24584.629982
8.0,1002,24600.240296
13.0,1002,24615.856187
11.0,1002,24631.48251
6.0,1002,24647.075702
7.0,1002,24662.671644
12.0,1002,24681.868683
9.0,1002,24697.489048
11.0,1002,24713.1166
10.0,1002,24728.739854
7.0,1002,24744.359281
11.0,1002,24760.005626
6.0,1002,24775.613625
7.0,1002,24791.242854
8.0,1002,24810.432471
5.0,1002,24826.05286
7.0,1002,24841.666436
7.0,1002,24857.286534
12.0,1002,24872.898451
6.0,1002,24888.522854
11.0,1002,24904.129306
7.0,1002,24919.751077
7.0,1002,24938.925712
5.0,1002,24954.556134
6.0,1002,24970.165583
7.0,1002,24985.783286
11.0,1002,25001.414321
13.0,1002,25017.01812
9.0,1002,25032.639298
8.0,1002,25048.26575
7.0,1002,25063.879657
11.0,1002,25083.323802
7.0,1002,25098.95572
8.0,1002,25114.59506
5.0,1002,25130.213086
7.0,1002,25145.824403
6.0,1002,25161.423161
12.0,1002,25177.041712
9.0,1002,25192.675334
8.0,1002,25211.828746
7.0,1002,25227.443232
8.0,1002,25243.064485
10.0,1002,25258.675362
6.0,1002,25274.28339
8.0,1002,25289.908017
17.0,1002,25305.535077
15.0,1002,25321.179164
9.0,1002,25340.341733
13.0,1002,25355.972356
6.0,1002,25371.595716
11.0,1002,25387.20723
7.0,1002,25402.835732
6.0,1002,25418.449877
7.0,1002,25434.078389
9.0,1002,25449.690795
10.0,1002,25468.780487
7.0,1002,25484.406915
8.0,1002,25500.028611
6.0,1002,25515.668549
7.0,1002,25531.305485
11.0,1002,25546.923571
9.0,1002,25562.542295
15.0,1002,25578.164152
7.0,1002,25597.336445
11.0,1002,25612.965123
5.0,1002,25628.554366
7.0,1002,25644.173389
7.0,1002,25659.799352
7.0,1002,25675.420474
8.0,1002,25691.032083
7.0,1002,25706.650051
8.0,1002,25725.79179
7.0,1002,25741.425684
10.0,1002,25757.050741
11.0,1002,25772.676227
7.0,1002,25788.300277
11.0,1002,25803.9533
5.0,1002,25819.571474
5.0,1002,25835.193385
6.0,1002,25850.832689
5.0,1002,25869.997538
8.0,1002,25885.600293
9.0,1002,25901.223748
9.0,1002,25916.833896
11.0,1002,25932.445343
10.0,1002,25948.070085
8.0,1002,25963.693561
11.0,1002,25979.31102
7.0,1002,25998.420512
7.0,1002,26014.034599
6.0,1002,26029.664031
9.0,1002,26045.266719
7.0,1002,26060.882561
7.0,1002,26076.513333
8.0,1002,26092.133761
7.0,1002,26107.750732
9.0,1002,26126.928593
14.0,1002,26142.57811
8.0,1002,26158.190302
8.0,1002,26173.817034
7.0,1002,26189.436417
5.0,1002,26205.06797
5.0,1002,26220.682821
7.0,1002,26236.306244
14.0,1002,26255.553731
6.0,1002,26271.191839
8.0,1002,26286.81646
12.0,1002,26302.46266
8.0,1002,26318.11176
14.0,1002,26333.731201
7.0,1002,26349.34391
7.0,1002,26364.978019
6.0,1002,26384.185659
8.0,1002,26399.809063
5.0,1002,26415.438395
8.0,1002,26431.071213
7.0,1002,26446.677559
7.0,1002,26462.298842
9.0,1002,26477.909704
10.0,1002,26493.54305
9.0,1002,26512.662333
14.0,1002,26528.271029
13.0,1002,26543.885066
6.0,1002,26559.503624
13.0,1002,26575.130341
6.0,1002,26590.751332
10.0,1002,26606.380069
9.0,1002,26622.004093
5.0,1002,26637.618048
7.0,1002,26656.752586
8.0,1002,26672.371867
7.0,1002,26687.989459
9.0,1002,26703.607572
7.0,1002,26719.216
7.0,1002,26734.842956
6.0,1002,26750.475161
7.0,1002,26766.075403
9.0,1002,26785.233481
7.0,1002,26800.858029
17.0,1002,26816.491456
7.0,1002,26832.122782
11.0,1002,26847.745727
7.0,1002,26863.382459
7.0,1002,26879.01596
6.0,1002,26894.63706
9.0,1002,26913.804649
7.0,1002,26929.430869
8.0,1002,26945.045816
6.0,1002,26960.670537
10.0,1002,26976.308611
6.0,1002,26991.946268
7.0,1002,27007.570908
6.0,1002,27023.178524
9.0,1002,27042.341441
7.0,1002,27057.967264
7.0,1002,27073.586751
9.0,1002,27089.219906
7.0,1002,27104.833971
7.0,1002,27120.467539
7.0,1002,27136.090451
7.0,1002,27151.704507
7.0,1002,27170.90653
6.0,1002,27186.554744
6.0,1002,27202.175155
13.0,1002,27217.800913
6.0,1002,27233.43341
7.0,1002,27249.044515
8.0,1002,27264.69407
6.0,1002,27280.356851
8.0,1002,27296.028532
7.0,1002,27315.348299
8.0,1002,27331.013959
7.0,1002,27346.667602
9.0,1002,27362.345906
8.0,1002,27378.017076
10.0,1002,27393.690917
6.0,1002,27409.364064
11.0,1002,27425.021975
9.0,1002,27444.192298
9.0,1002,27459.790276
9.0,1002,27475.417293
7.0,1002,27491.052374
10.0,1002,27506.666226
7.0,1002,27522.276569
11.0,1002,27537.901246
7.0,1002,27553.529324
6.0,1002,27572.692585
7.0,1002,27588.304619
16.0,1002,27603.923509
9.0,1002,27619.544787
6.0,1002,27635.177999
7.0,1002,27650.791483
16.0,1002,27666.405742
14.0,1002,27682.032392
6.0,1002,27701.1543
10.0,1002,27716.778381
8.0,1002,27732.409287
6.0,1002,27748.046189
6.0,1002,27763.671943
6.0,1002,27779.279376
15.0,1002,27794.894771
6.0,1002,27810.520071
7.0,1002,27829.671871
7.0,1002,27845.343603
6.0,1002,27860.987865
6.0,1002,27876.62912
5.0,1002,27892.278353
13.0,1002,27907.941065
4.0,1002,27923.592662
8.0,1002,27939.246029
11.0,1002,27960.141371
11.0,1002,27975.804202
10.0,1002,27991.462036
